,max_drawdown,returns
a,0.14394448,0.6324093
b,0.03832714,0.0658371
c,0.06532036,-0.0064029
d,0.10150986,0.0658371
e,0.20304128,-0.0658371
f,0.27323339,0.1316742
g,0.54391346,-0.1975113
h,0.2182726,1.26742346
i,1.4286991,-0.77091212
j,1.75225378,0.77091212
